{
  "MXNCNY": 3.3897888888,
  "ETHAUD": 0.00370073522666433241440025,
  "ETHDAI": 0.00363087571488925884872628,
  "ETHBTC": 41.13897481615511435483793794,
  "EURHKD": 0.11905259051793,
  "AUDUSD": 1.57659214746952,
  "USDBRL": 0.197980329,
  "BTCETH": 0.02456219983287,
  "EURCNY": 0.1313165402,
  "CADBTC": 10076.01185669294359,
  "EURBTC": 6611.21963757238683,
  "BTCEUR": 0.0001543137387849,
  "GBPBRL": 0.1582639703,
  "USDMXN": 0.0422764572,
  "HKDAUD": 4.9507436026,
  "ETHUSDC": 0.00581361897679,
  "HKDMXN": 0.32767470067272,
  "EURAUD": 0.5873426994,
  "CNYHKD": 0.92169683474706,
  "USDCDAI": 0.99825807903686577308773604,
  "DAIETH": 289.53953091013892,
  "CADDAI": 1.39725036806046,
  "MXNBRL": 4.6994393782,
  "AUDGBP": 1.972236753,
  "CNYGBP": 8.93670725,
  "CADETH": 246.25323576269589,
  "ETHGBP": 0.00727328374763268653040128,
  "AUDUSDC": 1.58751510381699,
  "GBPMXN": 0.03379506792051,
  "USDCAD": 0.7166025435,
  "USDCUSD": 1.0,
  "BTCDAI": 0.00014679171576,
  "BRLMXN": 0.22822698066289,
  "BTCAUD": 0.0000905036219209,
  "DAIEUR": 1.12464800760075546766885678,
  "USDAUD": 0.6387350004,
  "BTCCAD": 0.0001012505775808,
  "MXNAUD": 15.1616036126,
  "GBPETH": 140.57142904524429,
  "BTCUSDC": 0.00014217541695,
  "AUDEUR": 1.71454346329237,
  "AUDETH": 277.64141234866051,
  "DAIGBP": 1.29603574803022277825361191,
  "GBPHKD": 0.10349706634549,
  "CNYEUR": 7.76902908,
  "GBPEUR": 0.8723925631,
  "WETHETH": 1.0,
  "ETHEUR": 0.00632295566059531438475993,
  "BTCUSD": 0.0001422050155204,
  "AUDDAI": 1.56636359792518,
  "DAIBTC": 7166.00312821834157992195993281,
  "EURDAI": 0.91638637209136,
  "USDCAUD": 0.64264082763626,
  "USDWETH": 162.71955,
  "EURUSDC": 0.92912256866693,
  "GBPCNY": 0.1141586035,
  "BRLBTC": 41454.28141128,
  "BRLHKD": 0.69894273936932,
  "BRLGBP": 6.77689848,
  "AUDMXN": 0.06641939809133,
  "USDETH": 175.47739013671875,
  "GBPBTC": 5779.8196875,
  "ETHCAD": 0.00415188814510253495233574,
  "EURUSD": 0.92275676304102,
  "HKDUSD": 7.777977975,
  "BRLEUR": 5.89142286,
  "BTCMXN": 0.0000070703436547,
  "USDEUR": 1.0913218156,
  "BTCBRL": 0.000025872812737,
  "GBPAUD": 0.5106002535,
  "CADUSD": 1.40527632111311,
  "MXNUSD": 23.81998522281647,
  "EURGBP": 1.1543250465,
  "ETHUSD": 0.00581420039683390427843031,
  "USDUSDC": 1,
  "BRLAUD": 3.4524051813,
  "GBPUSDC": 0.8079855337739,
  "EURETH": 161.69904474073363,
  "USDDAI": 1.02753333091736,
  "CNYUSD": 7.14393270969391,
  "AUDHKD": 0.20340875369115,
  "GBPDAI": 0.79700036185695,
  "AUDBTC": 11291.50706972895877,
  "DAIAUD": 0.65957431736644894034100584,
  "HKDBRL": 1.5345160621,
  "WETHUSD": 0.00620878456029102743813406,
  "DAIUSDC": 1.0326437240839,
  "BRLUSD": 5.41740114,
  "MXNBTC": 151695.43553645355899,
  "GBPUSD": 0.80218925875425,
  "AUDBRL": 0.31066424818802,
  "HKDEUR": 8.4586532865,
  "CNYMXN": 0.30096329112,
  "USDCNY": 0.142806779,
  "USDCGBP": 1.26264886876985,
  "USDCBTC": 7177.3230408011736109,
  "ETHWETH": 1,
  "MXNHKD": 3.0732448491,
  "MXNGBP": 29.7979749121,
  "DAICAD": 0.73940388271114996888867012,
  "USDBTC": 7174.16341799395676,
  "EURMXN": 0.03887443800579,
  "MXNEUR": 25.9045439036,
  "USDCETH": 175.61694986157650198922017449,
  "USDGBP": 1.2553453877,
  "HKDCNY": 1.1068737373,
  "HKDGBP": 9.7299819367,
  "USDHKD": 0.129471257,
  "EURBRL": 0.1820509044,
  "USDCEUR": 1.09802738046258,
  "DAIUSD": 0.99321637156698101021554805,
  "BTCGBP": 0.0001768910643311
}
